"id","submitdate","lastpage","startlanguage","seed","token","E0","DS0[SQ001]","DS0[SQ002]","DS0[SQ003]","DS0a","DS0b[SQ001]","DS0c","A0","A1k1[SQ001]","A1k1[SQ002]","A1k1[SQ003]","A1k1[SQ004]","A1k2[SQ001]","A1k2[SQ002]","A1a","A2w1k1[SQ001]","A2w1k1[SQ002]","A2w1k1[SQ003]","A2w1k1[SQ004]","A2a","A2w2","A2k2[SQ001]","A2k2[SQ002]","A3w1k1[SQ001]","A3w1k1[SQ002]","A3w1k1[SQ003]","A3w1k1[SQ004]","A3w1k1[SQ005]","A3k2[SQ001]","A3k2[SQ002]","A3w2","A4[SQ006]","A4[SQ004]","A4[SQ001]","A4[SQ005]","A4[SQ002]","A4[SQ003]","A4[SQ007]","A4[SQ011]","A4[SQ010]","A4[SQ009]","A4[SQ013]","A4[SQ012]","A4[SQ014]","A4[SQ016]","A4[SQ017]","A4[SQ018]","A4[SQ019]","A4[SQ020]","A4[SQ021]","A4[SQ022]","A4[SQ023]","A4[SQ024]","A4[SQ025]","A4[SQ026]","A4[SQ027]","A4[SQ028]","A4[SQ035]","A4[SQ036]","A4[SQ034]","A4[SQ033]","A4[SQ032]","A4[SQ030]","A4[SQ031]","A4[SQ037]","A4w1k1[SQ001]","A4w1k1[SQ002]","A4w2","A4k2[SQ001]","A4k2[SQ002]","A5w1k1[SQ001]","A5w1k1[SQ002]","A5w1k1[SQ003]","A5w1k1[SQ004]","A5w1k1[SQ005]","A5a[SQ001]","A5a[SQ002]","A5a[SQ004]","A5a[SQ003]","A5b[SQ001]","A5b[SQ002]","A5b[SQ003]","A5c[SQ005]","A5c[SQ001]","A5c[SQ002]","A5c[SQ004]","A5c[SQ003]","A5w2","A5k2[SQ001]","A5k2[SQ002]","A6[SQ001]","A6[SQ002]","A6[SQ003]","A6w1k1[SQ001]","A6w1k1[SQ002]","A6k2[SQ001]","A6k2[SQ002]","A7w1k1[SQ001]","A7w1k1[SQ002]","A7w1k1[SQ003]","A7w1k1[SQ004]","A7w1k1[SQ005]","A7a","A7w2","A7b[SQ001]","A7b[SQ002]","A7b[SQ003]","A7c","A7k2[SQ001]","A7k2[SQ002]","A8[SQ001]","A8[SQ002]","A8[SQ003]","B0k1[SQ001]","B0k1[SQ002]","B0k1[SQ003]","B0k2[SQ001]","B0k2[SQ002]","B1[SQ001]","B1[SQ002]","B1[SQ003]","B1[SQ004]","B1[SQ005]","B1[SQ006]","B1[SQ007]","B1[SQ008]","B1[SQ009]","B1[SQ010]","B1[SQ011]","B1w2","B1k2[SQ001]","B1k2[SQ002]","B3w1k1[SQ001]","B3w1k1[SQ002]","B3w1k1[SQ003]","B3w1k1[SQ004]","B3w1k1[SQ005]","B3w2","B3k2[SQ001]","B3k2[SQ002]","B4[SQ001]","B4[SQ002]","B4[SQ003]","B4[SQ004]","B4[SQ005]","B4[SQ006]","B4[SQ007]","B4[SQ008]","B4[SQ009]","B4w2","B4k2[SQ001]","B4k2[SQ002]","C0","C0k1[SQ001]","C0k2[SQ001]","C0k2[SQ002]","C1k1[SQ001]","C1k1[SQ002]","C1k1[SQ003]","C1k2[SQ001]","C1k2[SQ002]","C2k1[SQ001]","C2k1[SQ002]","C2k1[SQ003]","C2k2[SQ001]","C2k2[SQ002]","C3w1k1[SQ001]","C3w1k1[SQ002]","C3w1k1[SQ003]","C3w1k1[SQ004]","C3w1k1[SQ005]","C3w1k1[SQ006]","C3w1k1[SQ007]","C3w1k1[SQ008]","C3w1k1[SQ009]","C3w2","C3k2[SQ001]","C3k2[SQ002]","C4[SQ001]","C4[SQ001comment]","C4[SQ002]","C4[SQ002comment]","C4[SQ003]","C4[SQ003comment]","C4[SQ004]","C4[SQ004comment]","C4ak1[SQ001]","C4ak1[SQ002]","C4k2[SQ001]","C4k2[SQ002]","C5[SQ001]","C5[SQ001comment]","C5[SQ002]","C5[SQ002comment]","C5[SQ003]","C5[SQ003comment]","C5[SQ004]","C5[SQ004comment]","C5k1[SQ001]","C5k2[SQ001]","C5k2[SQ002]","C7k1[SQ001]","C7k1[SQ002]","C7k1[SQ003]","C7k2[SQ001]","C7k2[SQ002]","C80[SQ001]","C80[SQ002]","C80[SQ003]","C80k2[SQ001]","C80k2[SQ002]","C8[SQ001_SQ001]","C8[SQ001_SQ002]","C8[SQ001_SQ003]","C8[SQ001_SQ004]","C8[SQ002_SQ001]","C8[SQ002_SQ002]","C8[SQ002_SQ003]","C8[SQ002_SQ004]","C8[SQ003_SQ001]","C8[SQ003_SQ002]","C8[SQ003_SQ003]","C8[SQ003_SQ004]","C8[SQ004_SQ001]","C8[SQ004_SQ002]","C8[SQ004_SQ003]","C8[SQ004_SQ004]","C8[SQ005_SQ001]","C8[SQ005_SQ002]","C8[SQ005_SQ003]","C8[SQ005_SQ004]","C8k1[SQ001]","C8k2[SQ001]","C8k2[SQ002]","C9w1k1[SQ001]","C9w1k1[SQ002]","C9w1k1[SQ003]","C9w1k1[SQ004]","C9w1k1[SQ005]","C9k2[SQ001]","C9k2[SQ002]","C9w2","C10w1k1[SQ001]","C10w1k1[SQ002]","C10w1k1[SQ003]","C10w1k1[SQ004]","C10w1k1[SQ005]","C10w1k1[SQ006]","C10w2","C10k2[SQ001]","C10k2[SQ002]","D0w1k1[SQ001]","D0w1k1[SQ002]","D0w1k1[SQ003]","D0w1k1[SQ011]","D0w1k1[SQ004]","D0w1k1[SQ005]","D0w1k1[SQ006]","D0w1k1[SQ008]","D0w1k1[SQ009]","D0w2","D0k2[SQ001]","D0k2[SQ002]","D1k1[SQ001]","D1k1[SQ002]","D1k1[SQ004]","D1k1[SQ003]","D1a","D1k2[SQ001]","D1k2[SQ002]","D2k1[SQ001]","D2k1[SQ002]","D2k1[SQ003]","D2k2[SQ001]","D2k2[SQ002]","D3k1[SQ001]","D3k1[SQ002]","D3k1[SQ003]","D3k1[SQ004]","D3k1[SQ005]","D3k1[SQ006]","D3k2[SQ001]","D3k2[SQ002]","D4w1k1[SQ001]","D4w1k1[SQ002]","D4w1k1[SQ003]","D4w1k1[SQ004]","D4w2","D4k2[SQ001]","D4k2[SQ002]","Z1","Z2[SQ001]","Z2[SQ002]","Z3","Z4"
"1",,,"de","34214298","IKXpF5NBphzsN38",,"N. v.","N. v.","N. v.",,"N. v.",,,"N. v.","N. v.","N. v.","N. v.","N. v.","N. v.",,"N. v.","N. v.","N. v.","N. v.",,,"N. v.","N. v.","N. v.","N. v.","N. v.","N. v.","N. v.","N. v.","N. v.",,"N. v.","N. v.","N. v.","N. v.","N. v.","N. v.","N. v.","N. v.","N. v.","N. v.","N. v.","N. v.","N. v.","N. v.","N. v.","N. v.","N. v.","N. v.","N. v.","N. v.","N. v.","N. v.","N. v.","N. v.","N. v.","N. v.","N. v.","N. v.","N. v.","N. v.","N. v.","N. v.","N. v.","N. v.","N. v.","N. v.",,"N. v.","N. v.","N. v.","N. v.","N. v.","N. v.","N. v.",,,,,,,,,,,,,,"N. v.","N. v.",,,,"N. v.","N. v.","N. v.","N. v.","N. v.","N. v.","N. v.","N. v.","N. v.",,,"N. v.","N. v.","N. v.",,"N. v.","N. v.","N. v.","N. v.","N. v.","N. v.","N. v.","N. v.","N. v.","N. v.","N. v.","N. v.","N. v.","N. v.","N. v.","N. v.","N. v.","N. v.","N. v.","N. v.","N. v.",,"N. v.","N. v.","N. v.","N. v.","N. v.","N. v.","N. v.",,"N. v.","N. v.","N. v.","N. v.","N. v.","N. v.","N. v.","N. v.","N. v.","N. v.","N. v.",,"N. v.","N. v.",,"N. v.","N. v.","N. v.","N. v.","N. v.","N. v.","N. v.","N. v.","N. v.","N. v.","N. v.","N. v.","N. v.","N. v.","N. v.","N. v.","N. v.","N. v.","N. v.","N. v.","N. v.","N. v.",,"N. v.","N. v.","N. v.",,"N. v.",,"N. v.",,"N. v.",,"N. v.","N. v.","N. v.","N. v.","N. v.",,"N. v.",,"N. v.",,"N. v.",,"N. v.","N. v.","N. v.","N. v.","N. v.","N. v.","N. v.","N. v.","N. v.","N. v.","N. v.","N. v.","N. v.",,,,,,,,,,,,,,,,,,,,,"N. v.","N. v.","N. v.","N. v.","N. v.","N. v.","N. v.","N. v.","N. v.","N. v.",,"N. v.","N. v.","N. v.","N. v.","N. v.","N. v.",,"N. v.","N. v.","N. v.","N. v.","N. v.","N. v.","N. v.","N. v.","N. v.","N. v.","N. v.",,"N. v.","N. v.","N. v.","N. v.","N. v.","N. v.",,"N. v.","N. v.","N. v.","N. v.","N. v.","N. v.","N. v.","N. v.","N. v.","N. v.","N. v.","N. v.","N. v.","N. v.","N. v.","N. v.","N. v.","N. v.","N. v.",,"N. v.","N. v.",,"N. v.","N. v.",,
"2","1980-01-01 00:00:00","8","de","479841018","XMG4KLKFuQ1Cr33","","Ja","Ja","Nein","","Nein",,"test - verifiziert","Nein","Nein","Nein","Nein","N. v.","N. v.",,"Nein","Nein","Nein","Nein",,,"N. v.","N. v.","Nein","Nein","Nein","Nein","Nein","N. v.","N. v.",,"Nein","Nein","Nein","Nein","Nein","Nein","Nein","Nein","Nein","Nein","Nein","Nein","Nein","Nein","Nein","Nein","Nein","Nein","Nein","Nein","Nein","Nein","Nein","Nein","Nein","Nein","Nein","Nein","Nein","Nein","Nein","Nein","Nein","Nein","Nein","Nein",,"N. v.","N. v.","Nein","Nein","Nein","Nein","Nein",,,,,,,,,,,,,,"N. v.","N. v.","","","","Nein","Nein","N. v.","N. v.","Nein","Nein","Nein","Nein","Nein",,,"N. v.","N. v.","N. v.",,"N. v.","N. v.","Nein","Nein","Ja","N. v.","N. v.","N. v.","N. v.","N. v.","N. v.","N. v.","N. v.","N. v.","N. v.","N. v.","N. v.","N. v.","N. v.","N. v.","N. v.",,"N. v.","N. v.","N. v.","N. v.","N. v.","N. v.","N. v.",,"N. v.","N. v.","N. v.","N. v.","N. v.","N. v.","N. v.","N. v.","N. v.","N. v.","N. v.",,"N. v.","N. v.",,"N. v.","N. v.","N. v.","N. v.","N. v.","N. v.","N. v.","N. v.","N. v.","N. v.","N. v.","N. v.","N. v.","N. v.","N. v.","N. v.","N. v.","N. v.","N. v.","N. v.","N. v.","N. v.",,"N. v.","N. v.","N. v.",,"N. v.",,"N. v.",,"N. v.",,"N. v.","N. v.","N. v.","N. v.","N. v.",,"N. v.",,"N. v.",,"N. v.",,"N. v.","N. v.","N. v.","N. v.","N. v.","N. v.","N. v.","N. v.","N. v.","N. v.","N. v.","N. v.","N. v.",,,,,,,,,,,,,,,,,,,,,"N. v.","N. v.","N. v.","N. v.","N. v.","N. v.","N. v.","N. v.","N. v.","N. v.",,"N. v.","N. v.","N. v.","N. v.","N. v.","N. v.",,"N. v.","N. v.","N. v.","N. v.","N. v.","N. v.","N. v.","N. v.","N. v.","N. v.","Ja",,"Nein","Ja","N. v.","N. v.","N. v.","Ja",,"Nein","Ja","N. v.","N. v.","Ja","Nein","Ja","N. v.","N. v.","N. v.","N. v.","N. v.","Ja","Nein","Ja","N. v.","N. v.","Ja","N. v.",,"N. v.","N. v.","hihi","Nein","Ja",,""
"3","1980-01-01 00:00:00","8","de","1106413715","Qa3arZWjSdDq24x","","Ja","Ja","Nein","","Nein",,"PSNV-E Angebot für Einsatzkräfte und Mitarbeitende aus dem Gesundheits- & Sozialwesen","Nein","Nein","Ja","Nein","N. v.","N. v.",,"Ja","Nein","Nein","Nein","Netzwerk PSNV e.V.",,"N. v.","N. v.","Nein","Ja","Nein","Nein","Nein","N. v.","N. v.",,"Nein","Nein","Ja","Ja","Nein","Nein","Nein","Nein","Ja","Nein","Nein","Ja","Ja","Nein","Nein","Nein","Nein","Nein","Nein","Nein","Nein","Nein","Nein","Nein","Nein","Nein","Nein","Nein","Nein","Nein","Nein","Nein","Nein","Nein","Nein","Nein",,"N. v.","N. v.","Ja","Nein","Nein","Nein","Nein","beratung@netzwerk-psnv.de","0800 58 922 72 (Hotline)","+49 761 88 14 78 74","www.netzwerk-psnv.de",,,,,,,,,,"N. v.","N. v.","Bertoldstr. 63","79098","Freiburg","Nein","Nein","N. v.","N. v.","Nein","Nein","Ja","Nein","Nein",,,"Ja","Nein","Nein",,"N. v.","N. v.","Ja","Ja","Ja","Ja","Nein","Nein","N. v.","N. v.","Nein","Ja","Ja","Ja","Ja","Ja","Nein","Nein","Nein","Ja","Nein","Lerntplattform: www.8sam-online.de","N. v.","N. v.","Nein","Nein","Nein","Ja","Nein","Kostenpflichtige Mitgliedschaften & Kooperationen für Rettungsdienste, Leitstellen & Co.
Kostenfrei für rat- und unterstützungsuchende Einsatzkräfte und Mitarbeitende aus dem Gesundheits- und Sozialwesen","N. v.","N. v.","N. v.","N. v.","N. v.","N. v.","N. v.","N. v.","N. v.","N. v.","N. v.",,"N. v.","N. v.","10","Nein","N. v.","N. v.","Ja","Ja","Nein","N. v.","N. v.","Ja","Nein","Nein","N. v.","N. v.","Nein","Nein","Nein","Nein","Nein","Ja","Nein","Nein","Nein",,"N. v.","N. v.","Nein","","Nein","","Nein","","Ja","Ja, in Bezug auf Fachweiterbildungen in Traumatherapie, Notfallpsychologie, Pädagogik, ...","Nein","Nein","N. v.","N. v.","N. v.",,"N. v.",,"N. v.",,"Ja","die genannten","Nein","N. v.","N. v.","Ja","Nein","Nein","N. v.","N. v.","Ja","Nein","Nein","N. v.","N. v.","","","","","","","","","","","","","","","","","","","","","Ja","Ja","Nein","Ja","Nein","Nein","Nein","Nein","N. v.","N. v.",,"Ja","Ja","Ja","Nein","Ja","Nein","Eigene Hotline / Einsatzzentrale","N. v.","N. v.","Nein","Nein","Ja","Nein","Nein","Nein","Ja","Ja","Nein","Psychoedukation durch Schulungen
Einsatznachsorge","N. v.","N. v.","Nein","Ja","Nein","Nein","Einsatzkräfte / Mitarbeitende Gesundheits- und Sozialwesen (z.B. Kliniken, Pflege-Einrichtungen, Unterkünfte für Geflüchtete, Kinder- & Jugendhilfe-Einrichtungen)","N. v.","N. v.","Nein","Ja","Nein","N. v.","N. v.","Nein","Nein","Nein","Ja","Nein","Nein","N. v.","N. v.","N. v.","N. v.","Ja","N. v.",,"N. v.","N. v.","","Ja","Nein",,""
"4","1980-01-01 00:00:00","8","de","1701653091","J9eNjIqQ5fEhbzG","","Ja","Ja","Nein","","Nein",,"Netzwerk Notfallpsychologie (Zusammenschluss der Fachpsychologinnen und Fachpsychologen für Notfallpsychologie - organisiert durch den Berufsverband Deutscher Psychologinnen und Psychologen","N. v.","N. v.","N. v.","Ja","Nein","Ja",,"Nein","Ja","Nein","Nein",,,"N. v.","N. v.","Nein","Ja","Nein","Nein","Nein","N. v.","N. v.",,"Nein","Nein","Nein","Nein","Nein","Nein","Nein","Nein","Ja","Nein","Nein","Nein","Ja","Nein","Nein","Nein","Nein","Nein","Nein","Nein","Nein","Nein","Nein","Nein","Nein","Nein","Nein","Nein","Nein","Nein","Nein","Nein","Nein","Nein","Nein","Nein",,"N. v.","N. v.","Ja","Nein","Nein","Nein","Nein","info@notfallpsychologie.net (allgemeine Anfrage)","","","https://notfallpsychologie.net/index.php/notfallpsycholog-in-finden/searching",,,,,,,,,,"N. v.","N. v.","","","","Ja","Nein","N. v.","N. v.","Ja","Ja","Ja","Ja","Nein","deutschlandweit","teils auch im Ausland verfügbar","Nein","Ja","Nein",,"N. v.","N. v.","Ja","Ja","Ja","Ja","Ja","Nein","N. v.","N. v.","Ja","Ja","Ja","Ja","Ja","Ja","Ja","Ja","Ja","Ja","Nein","Gefährdungsbeurteilung Psyche","N. v.","N. v.","Nein","Ja","Ja","Ja","Nein","bspw. Organisationen wie Weißer Ring u.ä.","N. v.","N. v.","N. v.","N. v.","N. v.","N. v.","N. v.","N. v.","N. v.","N. v.","N. v.",,"N. v.","N. v.","100200","Nein","N. v.","N. v.","Ja","Ja","Nein","N. v.","N. v.","Ja","Ja","Nein","N. v.","N. v.","Nein","Nein","Nein","Nein","Nein","Nein","Nein","Ja","Nein","Studium Psychologie + Weiterbildung Notfallpsychologie mit anschl. Zertifizierung (3 Jahre Berufserfahrung, nachgewiesene Einsatzerfahrung durch Fälle, Supervision)

auf individueller Basis auch zusätzlich die oben genannten weiteren Ausbildungen","N. v.","N. v.","Ja","inkludiert in Fachausbildung Notfallpsychologie","Ja","inkludiert in Fachausbildung Notfallpsychologie (Schule, Krankenhaus, Polizei u.w.)","Nein","","Nein","","Nein","Nein","N. v.","N. v.","Ja","inkludiert in Fachausbildung Notfallpsychologie","Ja","inkludiert in Fachausbildung Notfallpsychologie","N. v.",,"N. v.",,"Nein","N. v.","N. v.","Ja","Nein","Nein","N. v.","N. v.","Ja","Nein","Nein","N. v.","N. v.","versch.","versch.","versch.","versch.","","","","","","","","","","","","","","","","","Nein","N. v.","N. v.","Ja","Nein","Nein","Nein","Nein","N. v.","N. v.",,"Nein","Nein","Nein","Nein","Ja","Nein","Kontaktaufnahme über die jeweils im Profil angegebenen Kontaktwege","N. v.","N. v.","Nein","Nein","Ja","Nein","Ja","Ja","Nein","Ja","Nein","Kurzzeitbegleitung in Stabilisierungsphase, bis zu 10 Termine / i.d.R bis zu 6 Wochen nach Ereignis","N. v.","N. v.","Nein","Nein","Ja","Nein",,"N. v.","N. v.","Ja","Nein","Nein","N. v.","N. v.","Nein","Nein","Nein","Nein","Ja","Nein","N. v.","N. v.","Ja","Nein","Nein","Nein","diverse","N. v.","N. v.","","Ja","Nein",,""
"5","1980-01-01 00:00:00","8","de","529077118","6TZa0Map5NhOR1s","","Ja","Ja","Nein","","Nein",,"Freiberufliche notfallpsychologische Beratung + Begleitung; Unterstützung Krisenmanagement; primärpräventive Angebote","Ja","Nein","Nein","Nein","N. v.","N. v.",,"Nein","Ja","Nein","Nein",,,"N. v.","N. v.","Nein","Ja","Nein","Nein","Nein","N. v.","N. v.",,"Nein","Nein","Nein","Nein","Nein","Nein","Nein","Nein","Ja","Nein","Nein","Nein","Ja","Nein","Nein","Nein","Nein","Nein","Nein","Nein","Nein","Nein","Nein","Nein","Nein","Nein","Nein","Nein","Nein","Nein","Nein","Nein","Nein","Nein","Nein","Nein",,"N. v.","N. v.","Nein","Ja","Nein","Nein","Nein",,,,,"017620902657","097466394977","https://notfallpsychologie.net/index.php/notfallpsycholog-in-finden/searching?lastname=Stoeck&rand=22248",,,,,,,"N. v.","N. v.","Hardtstraße 2","97799","Zeitlofs","Nein","Nein","N. v.","N. v.","Nein","Ja","Ja","Ja","Nein","deutschlandweit","weltweit","Nein","Ja","Nein",,"N. v.","N. v.","Ja","Ja","Nein","Ja","Ja","Nein","N. v.","N. v.","Ja","Ja","Nein","Ja","Nein","Ja","Ja","Nein","Ja","Nein","Nein",,"N. v.","N. v.","Nein","Ja","Nein","Nein","Nein",,"N. v.","N. v.","N. v.","N. v.","N. v.","N. v.","N. v.","N. v.","N. v.","N. v.","N. v.",,"N. v.","N. v.","1","Nein","N. v.","N. v.","Ja","Ja","Nein","N. v.","N. v.","Ja","Ja","Nein","N. v.","N. v.","Ja","Ja","Ja","Ja","Ja","Nein","Nein","Nein","Nein",,"N. v.","N. v.","Ja","Fachweiterbildung Notfallpsychologie","Ja","Fachweiterbildung Notfallpsychologie","Nein","","Nein","","Nein","Nein","N. v.","N. v.","Ja","Fachweiterbildung Notfallpsychologie","Ja","Fachweiterbildung Notfallpsychologie","N. v.",,"N. v.",,"Nein","N. v.","N. v.","N. v.","N. v.","Ja","Nein","Ja","Ja","Nein","Nein","N. v.","N. v.","Flugzeugabsturz Germanwings","Frankreich","2015","Unterstützung von Angehörigen und anderen Personen","Anschlag Nizza","Frankreich","2016","Unterstützung von Betroffenen","Anschlag OEZ München","Deutschland","2016","Unterstützung von Betroffenen","Anschlag Bataclan","Frankfreich","2015","Unterstützung von Betroffenen","Anschlag Wien","Österreich","2020","Unterstützung von Betroffenen","Nein","N. v.","N. v.","Nein","Nein","Nein","Ja","Nein","N. v.","N. v.","auf Anfrage","Nein","Nein","Nein","Nein","Ja","Nein","Anfrage über die angegebenen Kontaktmöglichkeiten","N. v.","N. v.","N. v.","N. v.","N. v.","N. v.","N. v.","N. v.","N. v.","N. v.","N. v.",,"N. v.","N. v.","N. v.","N. v.","N. v.","N. v.",,"N. v.","N. v.","N. v.","N. v.","N. v.","N. v.","N. v.","N. v.","N. v.","N. v.","N. v.","N. v.","N. v.","N. v.","N. v.","N. v.","N. v.","N. v.","N. v.",,"N. v.","N. v.","","Ja","Nein",,""
"6","1980-01-01 00:00:00","8","de","2047197410","6TZa0Map5NhOR1s","","Ja","Ja","Nein","","Nein",,"Notfallseelsorge Team Bad Kissingen (PSNV-B)","Nein","Ja","Nein","Nein","N. v.","N. v.","Notfallseelsorge Landkreis Bad Kissingen (PSNV-B)","Ja","Nein","Nein","Nein","Evangelische und Katholische Kirche",,"N. v.","N. v.","Nein","Ja","Nein","Nein","Nein","N. v.","N. v.",,"Nein","Nein","Nein","Nein","Nein","Nein","Nein","Ja","Nein","Ja","Ja","Nein","Nein","Nein","Nein","Nein","Nein","Nein","Nein","Nein","Nein","Ja","Nein","Nein","Nein","Nein","Nein","Nein","Nein","Nein","Nein","Nein","Nein","Nein","Nein","Nein",,"N. v.","N. v.","Nein","Ja","Nein","Nein","Nein",,,,,"017620902657","","",,,,,,,"N. v.","N. v.","","","","N. v.","Ja","Nein","Ja","Nein","Ja","Nein","Nein","Nein","Landkreis Bad Kissingen",,"Ja","Nein","Nein",,"N. v.","N. v.","Nein","Ja","Nein","N. v.","N. v.","N. v.","N. v.","N. v.","N. v.","N. v.","N. v.","N. v.","N. v.","N. v.","N. v.","N. v.","N. v.","N. v.","N. v.",,"N. v.","N. v.","N. v.","N. v.","N. v.","N. v.","N. v.",,"N. v.","N. v.","N. v.","N. v.","N. v.","N. v.","N. v.","N. v.","N. v.","N. v.","N. v.",,"N. v.","N. v.","30","Nein","N. v.","N. v.","Ja","Ja","Nein","N. v.","N. v.","Nein","Ja","Nein","N. v.","N. v.","Ja","Ja","Ja","Nein","Nein","Nein","Nein","Nein","Nein",,"N. v.","N. v.","Ja","verschiedene","Ja","verschiedene","Ja","verschiedene","Nein","","Nein","Nein","N. v.","N. v.","Ja","verschiedene","Ja","verschiedene","Ja","verschiedene","N. v.",,"Nein","N. v.","N. v.","N. v.","N. v.","Ja","Nein","Ja","Ja","Nein","Nein","N. v.","N. v.","verschiedene","Landkreis","verschiedene","PSNV","","","","","","","","","","","","","","","","","Nein","N. v.","N. v.","Ja","Nein","Nein","Nein","Nein","N. v.","N. v.",,"Ja","Nein","Nein","Nein","Nein","Nein",,"N. v.","N. v.","N. v.","N. v.","N. v.","N. v.","N. v.","N. v.","N. v.","N. v.","N. v.",,"N. v.","N. v.","N. v.","N. v.","N. v.","N. v.",,"N. v.","N. v.","N. v.","N. v.","N. v.","N. v.","N. v.","N. v.","N. v.","N. v.","N. v.","N. v.","N. v.","N. v.","N. v.","N. v.","N. v.","N. v.","N. v.",,"N. v.","N. v.","","Ja","Nein",,""
"7",,"1","de","1573015828","a8WpULkj8fC2rpQ","","N. v.","N. v.","N. v.",,"N. v.",,,"N. v.","N. v.","N. v.","N. v.","N. v.","N. v.",,"N. v.","N. v.","N. v.","N. v.",,,"N. v.","N. v.","N. v.","N. v.","N. v.","N. v.","N. v.","N. v.","N. v.",,"N. v.","N. v.","N. v.","N. v.","N. v.","N. v.","N. v.","N. v.","N. v.","N. v.","N. v.","N. v.","N. v.","N. v.","N. v.","N. v.","N. v.","N. v.","N. v.","N. v.","N. v.","N. v.","N. v.","N. v.","N. v.","N. v.","N. v.","N. v.","N. v.","N. v.","N. v.","N. v.","N. v.","N. v.","N. v.","N. v.",,"N. v.","N. v.","N. v.","N. v.","N. v.","N. v.","N. v.",,,,,,,,,,,,,,"N. v.","N. v.",,,,"N. v.","N. v.","N. v.","N. v.","N. v.","N. v.","N. v.","N. v.","N. v.",,,"N. v.","N. v.","N. v.",,"N. v.","N. v.","N. v.","N. v.","N. v.","N. v.","N. v.","N. v.","N. v.","N. v.","N. v.","N. v.","N. v.","N. v.","N. v.","N. v.","N. v.","N. v.","N. v.","N. v.","N. v.",,"N. v.","N. v.","N. v.","N. v.","N. v.","N. v.","N. v.",,"N. v.","N. v.","N. v.","N. v.","N. v.","N. v.","N. v.","N. v.","N. v.","N. v.","N. v.",,"N. v.","N. v.",,"N. v.","N. v.","N. v.","N. v.","N. v.","N. v.","N. v.","N. v.","N. v.","N. v.","N. v.","N. v.","N. v.","N. v.","N. v.","N. v.","N. v.","N. v.","N. v.","N. v.","N. v.","N. v.",,"N. v.","N. v.","N. v.",,"N. v.",,"N. v.",,"N. v.",,"N. v.","N. v.","N. v.","N. v.","N. v.",,"N. v.",,"N. v.",,"N. v.",,"N. v.","N. v.","N. v.","N. v.","N. v.","N. v.","N. v.","N. v.","N. v.","N. v.","N. v.","N. v.","N. v.",,,,,,,,,,,,,,,,,,,,,"N. v.","N. v.","N. v.","N. v.","N. v.","N. v.","N. v.","N. v.","N. v.","N. v.",,"N. v.","N. v.","N. v.","N. v.","N. v.","N. v.",,"N. v.","N. v.","N. v.","N. v.","N. v.","N. v.","N. v.","N. v.","N. v.","N. v.","N. v.",,"N. v.","N. v.","N. v.","N. v.","N. v.","N. v.",,"N. v.","N. v.","N. v.","N. v.","N. v.","N. v.","N. v.","N. v.","N. v.","N. v.","N. v.","N. v.","N. v.","N. v.","N. v.","N. v.","N. v.","N. v.","N. v.",,"N. v.","N. v.",,"N. v.","N. v.",,
"8","1980-01-01 00:00:00","8","de","1342930590","97SfJbdz6XjriWd","","Ja","Ja","Nein","","Nein",,"Selbsthilfe","Nein","Nein","Ja","Nein","N. v.","N. v.",,"Ja","Nein","Nein","Nein","Kiezspinne FAS e.V.",,"N. v.","N. v.","Nein","Ja","Nein","Nein","Nein","N. v.","N. v.",,"Nein","Nein","Nein","Nein","Nein","Nein","Nein","Nein","Nein","Nein","Nein","Nein","Nein","Nein","Nein","Nein","Nein","Nein","Nein","Nein","Nein","Nein","Nein","Nein","Nein","Nein","Nein","Nein","Nein","Nein","Nein","Nein","Nein","Nein","Ja","Nein","Selbsthilfeberatung","N. v.","N. v.","Ja","Nein","Nein","Nein","Nein","info@selbsthilfe-lichtenberg.de","030 962 10 33","","www.selbsthilfe-lichtenberg.de",,,,,,,,,,"N. v.","N. v.","Ahrenshooperstr. 5","13051","Berlin","Nein","Nein","N. v.","N. v.","Nein","Ja","Nein","Nein","Nein","Berlin-Lichtenberg",,"Ja","Nein","Nein",,"N. v.","N. v.","Ja","Nein","Nein","Nein","Ja","Nein","N. v.","N. v.","Nein","Nein","Nein","Nein","Nein","Ja","Nein","Nein","Nein","Ja","Nein","Selbsthilfe","N. v.","N. v.","Nein","Nein","Nein","Ja","Nein","Kostenfrei für Betroffene (bis auf ""Stuhlgeld""), Finanzierung der Selbsthilfekontaktstellenarbeit über Landesmittel und Krankenkasse","N. v.","N. v.","Nein","Nein","Nein","Nein","Nein","Nein","Nein","Ja","Nein","sozialpädagogische Fachkräfte, ggf. mit Zusatzqualifikation, die Arbeit in den Gruppen wird von Betroffenen mit Erfahrungsexpertise selbst durchgeführt","N. v.","N. v.",,"N. v.","N. v.","N. v.","N. v.","N. v.","N. v.","N. v.","N. v.","N. v.","N. v.","N. v.","N. v.","N. v.","N. v.","N. v.","N. v.","N. v.","N. v.","N. v.","N. v.","N. v.","N. v.",,"N. v.","N. v.","N. v.",,"N. v.",,"N. v.",,"N. v.",,"N. v.","N. v.","N. v.","N. v.","N. v.",,"N. v.",,"N. v.",,"N. v.",,"N. v.","N. v.","N. v.","N. v.","N. v.","N. v.","N. v.","N. v.","N. v.","N. v.","N. v.","N. v.","N. v.",,,,,,,,,,,,,,,,,,,,,"N. v.","N. v.","N. v.","N. v.","N. v.","N. v.","N. v.","N. v.","N. v.","N. v.",,"N. v.","N. v.","N. v.","N. v.","N. v.","N. v.",,"N. v.","N. v.","N. v.","N. v.","N. v.","N. v.","N. v.","N. v.","N. v.","N. v.","N. v.",,"N. v.","N. v.","N. v.","N. v.","N. v.","N. v.",,"N. v.","N. v.","N. v.","N. v.","N. v.","N. v.","N. v.","N. v.","N. v.","N. v.","N. v.","N. v.","N. v.","N. v.","N. v.","N. v.","N. v.","N. v.","N. v.",,"N. v.","N. v.","","Nein","Ja",,""
"9","1980-01-01 00:00:00","8","de","1369963852","BfaLaVu0jSxHSaP","","Ja","Ja","Nein","","Nein",,"PSNV-B +E Einsätze und Ausbildungen","Nein","Ja","Nein","Nein","N. v.","N. v.","PSNV im DRK-Landesverband Berliner Rotes Kreuz e.V.","Ja","Nein","Ja","Nein","Deutsches Rotes Kreuz","Arbeitsgemeinschaft Notfallseelsorge-Krisenintervention Berlin","N. v.","N. v.","Ja","Ja","Nein","Nein","Nein","N. v.","N. v.",,"Nein","Nein","Nein","Ja","Nein","Nein","Nein","Ja","Nein","Ja","Ja","Ja","Nein","Nein","Ja","Nein","Nein","Nein","Nein","Nein","Nein","Nein","Nein","Nein","Nein","Nein","Nein","Nein","Nein","Nein","Nein","Nein","Nein","Nein","Nein","Nein",,"N. v.","N. v.","Ja","Ja","Nein","Nein","Nein","muellerch@drk-berlin.de","01712652772","","","01712652772","017623440393","",,,,,,,"N. v.","N. v.","Bachestrasse 12 (DRK-Landesverband)","12161","Berlin","Nein","Nein","N. v.","N. v.","Nein","Ja","Nein","Nein","Nein","Berlin",,"Ja","Nein","Nein",,"N. v.","N. v.","Ja","Ja","Nein","Ja","Ja","Nein","N. v.","N. v.","Nein","Ja","Ja","Ja","Ja","Ja","Ja","Nein","Ja","Nein","Nein",,"N. v.","N. v.","Ja","Ja","Nein","Nein","Nein",,"N. v.","N. v.","N. v.","N. v.","N. v.","N. v.","N. v.","N. v.","N. v.","N. v.","N. v.",,"N. v.","N. v.","20","Nein","N. v.","N. v.","Ja","Ja","Nein","N. v.","N. v.","Ja","Ja","Nein","N. v.","N. v.","Ja","Nein","Nein","Nein","Nein","Nein","Nein","Nein","Nein",,"N. v.","N. v.","Nein","","Ja","Sanitäts-und Betreuungsdienst","Nein","","Nein","","Nein","Nein","N. v.","N. v.","N. v.",,"Ja","PSNV B+E Ausbildungen, sowie Leiter und Fachberater mit Berliner Feuerwehr-Akadenie","N. v.",,"N. v.",,"Nein","N. v.","N. v.","Ja","Nein","Nein","N. v.","N. v.","Ja","Nein","Nein","N. v.","N. v.","Strom Black Out ","Berlin-Zehlendorf","2.-7.1.26","PSNV-B Einsätze","","","","","","","","","","","","","","","","","Nein","N. v.","N. v.","Ja","Nein","Nein","Nein","Nein","N. v.","N. v.",,"Ja","Nein","Nein","Ja","Nein","Nein",,"N. v.","N. v.","N. v.","N. v.","N. v.","N. v.","N. v.","N. v.","N. v.","N. v.","N. v.",,"N. v.","N. v.","N. v.","N. v.","N. v.","N. v.",,"N. v.","N. v.","N. v.","N. v.","N. v.","N. v.","N. v.","N. v.","N. v.","N. v.","N. v.","N. v.","N. v.","N. v.","N. v.","N. v.","N. v.","N. v.","N. v.",,"N. v.","N. v.","","Ja","Nein",,""
"10","1980-01-01 00:00:00","8","de","2048976291","1sFkZKasUfTamB9","","Ja","Nein","Nein","","Nein",,,"N. v.","N. v.","N. v.","N. v.","N. v.","N. v.",,"N. v.","N. v.","N. v.","N. v.",,,"N. v.","N. v.","N. v.","N. v.","N. v.","N. v.","N. v.","N. v.","N. v.",,"N. v.","N. v.","N. v.","N. v.","N. v.","N. v.","N. v.","N. v.","N. v.","N. v.","N. v.","N. v.","N. v.","N. v.","N. v.","N. v.","N. v.","N. v.","N. v.","N. v.","N. v.","N. v.","N. v.","N. v.","N. v.","N. v.","N. v.","N. v.","N. v.","N. v.","N. v.","N. v.","N. v.","N. v.","N. v.","N. v.",,"N. v.","N. v.","N. v.","N. v.","N. v.","N. v.","N. v.",,,,,,,,,,,,,,"N. v.","N. v.",,,,"N. v.","N. v.","N. v.","N. v.","N. v.","N. v.","N. v.","N. v.","N. v.",,,"N. v.","N. v.","N. v.",,"N. v.","N. v.","N. v.","N. v.","N. v.","N. v.","N. v.","N. v.","N. v.","N. v.","N. v.","N. v.","N. v.","N. v.","N. v.","N. v.","N. v.","N. v.","N. v.","N. v.","N. v.",,"N. v.","N. v.","N. v.","N. v.","N. v.","N. v.","N. v.",,"N. v.","N. v.","N. v.","N. v.","N. v.","N. v.","N. v.","N. v.","N. v.","N. v.","N. v.",,"N. v.","N. v.",,"N. v.","N. v.","N. v.","N. v.","N. v.","N. v.","N. v.","N. v.","N. v.","N. v.","N. v.","N. v.","N. v.","N. v.","N. v.","N. v.","N. v.","N. v.","N. v.","N. v.","N. v.","N. v.",,"N. v.","N. v.","N. v.",,"N. v.",,"N. v.",,"N. v.",,"N. v.","N. v.","N. v.","N. v.","N. v.",,"N. v.",,"N. v.",,"N. v.",,"N. v.","N. v.","N. v.","N. v.","N. v.","N. v.","N. v.","N. v.","N. v.","N. v.","N. v.","N. v.","N. v.",,,,,,,,,,,,,,,,,,,,,"N. v.","N. v.","N. v.","N. v.","N. v.","N. v.","N. v.","N. v.","N. v.","N. v.",,"N. v.","N. v.","N. v.","N. v.","N. v.","N. v.",,"N. v.","N. v.","N. v.","N. v.","N. v.","N. v.","N. v.","N. v.","N. v.","N. v.","N. v.",,"N. v.","N. v.","N. v.","N. v.","N. v.","N. v.",,"N. v.","N. v.","N. v.","N. v.","N. v.","N. v.","N. v.","N. v.","N. v.","N. v.","N. v.","N. v.","N. v.","N. v.","N. v.","N. v.","N. v.","N. v.","N. v.",,"N. v.","N. v.",,"N. v.","N. v.",,""
"11",,"2","de","1237415423","jazQKgsxaKV6Yil","","Ja","Ja","Nein","","Nein",,,"N. v.","N. v.","N. v.","N. v.","N. v.","N. v.",,"N. v.","N. v.","N. v.","N. v.",,,"N. v.","N. v.","N. v.","N. v.","N. v.","N. v.","N. v.","N. v.","N. v.",,"N. v.","N. v.","N. v.","N. v.","N. v.","N. v.","N. v.","N. v.","N. v.","N. v.","N. v.","N. v.","N. v.","N. v.","N. v.","N. v.","N. v.","N. v.","N. v.","N. v.","N. v.","N. v.","N. v.","N. v.","N. v.","N. v.","N. v.","N. v.","N. v.","N. v.","N. v.","N. v.","N. v.","N. v.","N. v.","N. v.",,"N. v.","N. v.","N. v.","N. v.","N. v.","N. v.","N. v.",,,,,,,,,,,,,,"N. v.","N. v.",,,,"N. v.","N. v.","N. v.","N. v.","N. v.","N. v.","N. v.","N. v.","N. v.",,,"N. v.","N. v.","N. v.",,"N. v.","N. v.","N. v.","N. v.","N. v.","N. v.","N. v.","N. v.","N. v.","N. v.","N. v.","N. v.","N. v.","N. v.","N. v.","N. v.","N. v.","N. v.","N. v.","N. v.","N. v.",,"N. v.","N. v.","N. v.","N. v.","N. v.","N. v.","N. v.",,"N. v.","N. v.","N. v.","N. v.","N. v.","N. v.","N. v.","N. v.","N. v.","N. v.","N. v.",,"N. v.","N. v.",,"N. v.","N. v.","N. v.","N. v.","N. v.","N. v.","N. v.","N. v.","N. v.","N. v.","N. v.","N. v.","N. v.","N. v.","N. v.","N. v.","N. v.","N. v.","N. v.","N. v.","N. v.","N. v.",,"N. v.","N. v.","N. v.",,"N. v.",,"N. v.",,"N. v.",,"N. v.","N. v.","N. v.","N. v.","N. v.",,"N. v.",,"N. v.",,"N. v.",,"N. v.","N. v.","N. v.","N. v.","N. v.","N. v.","N. v.","N. v.","N. v.","N. v.","N. v.","N. v.","N. v.",,,,,,,,,,,,,,,,,,,,,"N. v.","N. v.","N. v.","N. v.","N. v.","N. v.","N. v.","N. v.","N. v.","N. v.",,"N. v.","N. v.","N. v.","N. v.","N. v.","N. v.",,"N. v.","N. v.","N. v.","N. v.","N. v.","N. v.","N. v.","N. v.","N. v.","N. v.","N. v.",,"N. v.","N. v.","N. v.","N. v.","N. v.","N. v.",,"N. v.","N. v.","N. v.","N. v.","N. v.","N. v.","N. v.","N. v.","N. v.","N. v.","N. v.","N. v.","N. v.","N. v.","N. v.","N. v.","N. v.","N. v.","N. v.",,"N. v.","N. v.",,"N. v.","N. v.",,
"12","1980-01-01 00:00:00","8","de","1617498734","nJsWnVvudOI4oaF","","Ja","Ja","Nein","","Nein",,"Wir sind eine gemeinnützige Organisation für Auslandsfreiwilligendienste. Durch den PSNV erhalten unsere Freiwilligen im Ausland akute telefonische Krisenunterstützung. Von besonderer Bedeutung ist dabei, dass die Personen auf deutsche Ansprechpartner treffen, die nicht zu uns als Entsendeorganisation gehören, also in diesem Sinne neutral sind. ","Nein","Nein","Ja","Nein","N. v.","N. v.",,"Ja","Nein","Nein","Nein","AFS lnterkulturelle Begegnungen e.V.",,"N. v.","N. v.","Ja","Nein","Nein","Nein","Nein","N. v.","N. v.",,"Nein","Nein","Nein","Nein","Nein","Nein","Nein","Nein","Ja","Ja","Nein","Nein","Nein","Nein","Nein","Nein","Nein","Nein","Nein","Nein","Nein","Nein","Nein","Nein","Nein","Nein","Nein","Nein","Nein","Nein","Nein","Nein","Nein","Nein","Ja","Nein","Notfallversorgung / Krisenintervention für Freiwillige in Auslandsdiensten","N. v.","N. v.","Ja","Nein","Nein","Nein","Nein","fwd-outgoing@afs.de","040-399 222-51","","",,,,,,,,,,"N. v.","N. v.","","","","Ja","Nein","N. v.","N. v.","Nein","Nein","Nein","Ja","Nein",,"Internationales Ausland: Derzeit ca. 12 Länder in Süd- und Mittelamerika, Afrika und Asien","Nein","Ja","Nein",,"N. v.","N. v.","Nein","Ja","Nein","N. v.","N. v.","N. v.","N. v.","N. v.","N. v.","N. v.","N. v.","N. v.","N. v.","N. v.","N. v.","N. v.","N. v.","N. v.","N. v.",,"N. v.","N. v.","N. v.","N. v.","N. v.","N. v.","N. v.",,"N. v.","N. v.","N. v.","N. v.","N. v.","N. v.","N. v.","N. v.","N. v.","N. v.","N. v.",,"N. v.","N. v.","0","Nein","N. v.","N. v.","Ja","Nein","Nein","N. v.","N. v.","Nein","Ja","Nein","N. v.","N. v.","Nein","Nein","Nein","Nein","Nein","Nein","Ja","Nein","Nein",,"N. v.","N. v.","Nein","","Nein","","Nein","","Nein","","Ja","Nein","N. v.","N. v.","N. v.",,"N. v.",,"N. v.",,"N. v.",,"N. v.","N. v.","N. v.","Nein","Ja","Nein","N. v.","N. v.","Nein","Ja","Nein","N. v.","N. v.",,,,,,,,,,,,,,,,,,,,,"N. v.","N. v.","N. v.","Ja","Nein","Nein","Nein","Nein","N. v.","N. v.",,"Nein","Nein","Nein","Ja","Nein","Nein",,"N. v.","N. v.","N. v.","N. v.","N. v.","N. v.","N. v.","N. v.","N. v.","N. v.","N. v.",,"N. v.","N. v.","N. v.","N. v.","N. v.","N. v.",,"N. v.","N. v.","N. v.","N. v.","N. v.","N. v.","N. v.","N. v.","N. v.","N. v.","N. v.","N. v.","N. v.","N. v.","N. v.","N. v.","N. v.","N. v.","N. v.",,"N. v.","N. v.","","Ja","Nein",,""
"13",,"2","de","1931120304","vbh6yKCHPNFD0UW","","Ja","Ja","Nein","","Ja","",,"N. v.","N. v.","N. v.","N. v.","N. v.","N. v.",,"N. v.","N. v.","N. v.","N. v.",,,"N. v.","N. v.","N. v.","N. v.","N. v.","N. v.","N. v.","N. v.","N. v.",,"N. v.","N. v.","N. v.","N. v.","N. v.","N. v.","N. v.","N. v.","N. v.","N. v.","N. v.","N. v.","N. v.","N. v.","N. v.","N. v.","N. v.","N. v.","N. v.","N. v.","N. v.","N. v.","N. v.","N. v.","N. v.","N. v.","N. v.","N. v.","N. v.","N. v.","N. v.","N. v.","N. v.","N. v.","N. v.","N. v.",,"N. v.","N. v.","N. v.","N. v.","N. v.","N. v.","N. v.",,,,,,,,,,,,,,"N. v.","N. v.",,,,"N. v.","N. v.","N. v.","N. v.","N. v.","N. v.","N. v.","N. v.","N. v.",,,"N. v.","N. v.","N. v.",,"N. v.","N. v.","N. v.","N. v.","N. v.","N. v.","N. v.","N. v.","N. v.","N. v.","N. v.","N. v.","N. v.","N. v.","N. v.","N. v.","N. v.","N. v.","N. v.","N. v.","N. v.",,"N. v.","N. v.","N. v.","N. v.","N. v.","N. v.","N. v.",,"N. v.","N. v.","N. v.","N. v.","N. v.","N. v.","N. v.","N. v.","N. v.","N. v.","N. v.",,"N. v.","N. v.",,"N. v.","N. v.","N. v.","N. v.","N. v.","N. v.","N. v.","N. v.","N. v.","N. v.","N. v.","N. v.","N. v.","N. v.","N. v.","N. v.","N. v.","N. v.","N. v.","N. v.","N. v.","N. v.",,"N. v.","N. v.","N. v.",,"N. v.",,"N. v.",,"N. v.",,"N. v.","N. v.","N. v.","N. v.","N. v.",,"N. v.",,"N. v.",,"N. v.",,"N. v.","N. v.","N. v.","N. v.","N. v.","N. v.","N. v.","N. v.","N. v.","N. v.","N. v.","N. v.","N. v.",,,,,,,,,,,,,,,,,,,,,"N. v.","N. v.","N. v.","N. v.","N. v.","N. v.","N. v.","N. v.","N. v.","N. v.",,"N. v.","N. v.","N. v.","N. v.","N. v.","N. v.",,"N. v.","N. v.","N. v.","N. v.","N. v.","N. v.","N. v.","N. v.","N. v.","N. v.","N. v.",,"N. v.","N. v.","N. v.","N. v.","N. v.","N. v.",,"N. v.","N. v.","N. v.","N. v.","N. v.","N. v.","N. v.","N. v.","N. v.","N. v.","N. v.","N. v.","N. v.","N. v.","N. v.","N. v.","N. v.","N. v.","N. v.",,"N. v.","N. v.",,"N. v.","N. v.",,
"14",,"2","de","9757747","ZzoXDmM1QWMKaj8","","Ja","Ja","Nein","","Nein",,"Ich arbeite in einer Selbsthilfekontaktstelle. ","N. v.","N. v.","N. v.","Ja","Nein","Ja",,"Nein","Nein","Ja","Nein",,"An die Kiezspinne FAS e.V. / an SEKIS ","N. v.","N. v.","Nein","Nein","Nein","Nein","Nein","N. v.","N. v.",,"Nein","Nein","Nein","Nein","Nein","Nein","Nein","Nein","Nein","Nein","Nein","Nein","Nein","Nein","Nein","Nein","Nein","Nein","Nein","Nein","Nein","Nein","Nein","Nein","Nein","Nein","Nein","Nein","Nein","Nein","Nein","Nein","Nein","Nein","Nein","Nein",,"N. v.","N. v.","Nein","Nein","Nein","Nein","Nein",,,,,,,,,,,,,,"N. v.","N. v.","","","","Nein","Nein","N. v.","N. v.","Nein","Nein","Nein","Nein","Nein",,,"N. v.","N. v.","N. v.",,"N. v.","N. v.","Nein","Nein","Nein","N. v.","N. v.","N. v.","N. v.","N. v.","N. v.","N. v.","N. v.","N. v.","N. v.","N. v.","N. v.","N. v.","N. v.","N. v.","N. v.",,"N. v.","N. v.","N. v.","N. v.","N. v.","N. v.","N. v.",,"N. v.","N. v.","N. v.","N. v.","N. v.","N. v.","N. v.","N. v.","N. v.","N. v.","N. v.",,"N. v.","N. v.",,"N. v.","N. v.","N. v.","N. v.","N. v.","N. v.","N. v.","N. v.","N. v.","N. v.","N. v.","N. v.","N. v.","N. v.","N. v.","N. v.","N. v.","N. v.","N. v.","N. v.","N. v.","N. v.",,"N. v.","N. v.","N. v.",,"N. v.",,"N. v.",,"N. v.",,"N. v.","N. v.","N. v.","N. v.","N. v.",,"N. v.",,"N. v.",,"N. v.",,"N. v.","N. v.","N. v.","N. v.","N. v.","N. v.","N. v.","N. v.","N. v.","N. v.","N. v.","N. v.","N. v.",,,,,,,,,,,,,,,,,,,,,"N. v.","N. v.","N. v.","N. v.","N. v.","N. v.","N. v.","N. v.","N. v.","N. v.",,"N. v.","N. v.","N. v.","N. v.","N. v.","N. v.",,"N. v.","N. v.","N. v.","N. v.","N. v.","N. v.","N. v.","N. v.","N. v.","N. v.","N. v.",,"N. v.","N. v.","N. v.","N. v.","N. v.","N. v.",,"N. v.","N. v.","N. v.","N. v.","N. v.","N. v.","N. v.","N. v.","N. v.","N. v.","N. v.","N. v.","N. v.","N. v.","N. v.","N. v.","N. v.","N. v.","N. v.",,"N. v.","N. v.",,"N. v.","N. v.",,
"15",,"2","de","933418458","r598pjsFl7O78P4","","Ja","Ja","Nein","","Ja","",,"N. v.","N. v.","N. v.","N. v.","N. v.","N. v.",,"N. v.","N. v.","N. v.","N. v.",,,"N. v.","N. v.","N. v.","N. v.","N. v.","N. v.","N. v.","N. v.","N. v.",,"N. v.","N. v.","N. v.","N. v.","N. v.","N. v.","N. v.","N. v.","N. v.","N. v.","N. v.","N. v.","N. v.","N. v.","N. v.","N. v.","N. v.","N. v.","N. v.","N. v.","N. v.","N. v.","N. v.","N. v.","N. v.","N. v.","N. v.","N. v.","N. v.","N. v.","N. v.","N. v.","N. v.","N. v.","N. v.","N. v.",,"N. v.","N. v.","N. v.","N. v.","N. v.","N. v.","N. v.",,,,,,,,,,,,,,"N. v.","N. v.",,,,"N. v.","N. v.","N. v.","N. v.","N. v.","N. v.","N. v.","N. v.","N. v.",,,"N. v.","N. v.","N. v.",,"N. v.","N. v.","N. v.","N. v.","N. v.","N. v.","N. v.","N. v.","N. v.","N. v.","N. v.","N. v.","N. v.","N. v.","N. v.","N. v.","N. v.","N. v.","N. v.","N. v.","N. v.",,"N. v.","N. v.","N. v.","N. v.","N. v.","N. v.","N. v.",,"N. v.","N. v.","N. v.","N. v.","N. v.","N. v.","N. v.","N. v.","N. v.","N. v.","N. v.",,"N. v.","N. v.",,"N. v.","N. v.","N. v.","N. v.","N. v.","N. v.","N. v.","N. v.","N. v.","N. v.","N. v.","N. v.","N. v.","N. v.","N. v.","N. v.","N. v.","N. v.","N. v.","N. v.","N. v.","N. v.",,"N. v.","N. v.","N. v.",,"N. v.",,"N. v.",,"N. v.",,"N. v.","N. v.","N. v.","N. v.","N. v.",,"N. v.",,"N. v.",,"N. v.",,"N. v.","N. v.","N. v.","N. v.","N. v.","N. v.","N. v.","N. v.","N. v.","N. v.","N. v.","N. v.","N. v.",,,,,,,,,,,,,,,,,,,,,"N. v.","N. v.","N. v.","N. v.","N. v.","N. v.","N. v.","N. v.","N. v.","N. v.",,"N. v.","N. v.","N. v.","N. v.","N. v.","N. v.",,"N. v.","N. v.","N. v.","N. v.","N. v.","N. v.","N. v.","N. v.","N. v.","N. v.","N. v.",,"N. v.","N. v.","N. v.","N. v.","N. v.","N. v.",,"N. v.","N. v.","N. v.","N. v.","N. v.","N. v.","N. v.","N. v.","N. v.","N. v.","N. v.","N. v.","N. v.","N. v.","N. v.","N. v.","N. v.","N. v.","N. v.",,"N. v.","N. v.",,"N. v.","N. v.",,
"16",,"2","de","2093653060","kFJasocZuITKndl","","Ja","Ja","Nein","","Nein",,,"N. v.","N. v.","N. v.","N. v.","N. v.","N. v.",,"N. v.","N. v.","N. v.","N. v.",,,"N. v.","N. v.","N. v.","N. v.","N. v.","N. v.","N. v.","N. v.","N. v.",,"N. v.","N. v.","N. v.","N. v.","N. v.","N. v.","N. v.","N. v.","N. v.","N. v.","N. v.","N. v.","N. v.","N. v.","N. v.","N. v.","N. v.","N. v.","N. v.","N. v.","N. v.","N. v.","N. v.","N. v.","N. v.","N. v.","N. v.","N. v.","N. v.","N. v.","N. v.","N. v.","N. v.","N. v.","N. v.","N. v.",,"N. v.","N. v.","N. v.","N. v.","N. v.","N. v.","N. v.",,,,,,,,,,,,,,"N. v.","N. v.",,,,"N. v.","N. v.","N. v.","N. v.","N. v.","N. v.","N. v.","N. v.","N. v.",,,"N. v.","N. v.","N. v.",,"N. v.","N. v.","N. v.","N. v.","N. v.","N. v.","N. v.","N. v.","N. v.","N. v.","N. v.","N. v.","N. v.","N. v.","N. v.","N. v.","N. v.","N. v.","N. v.","N. v.","N. v.",,"N. v.","N. v.","N. v.","N. v.","N. v.","N. v.","N. v.",,"N. v.","N. v.","N. v.","N. v.","N. v.","N. v.","N. v.","N. v.","N. v.","N. v.","N. v.",,"N. v.","N. v.",,"N. v.","N. v.","N. v.","N. v.","N. v.","N. v.","N. v.","N. v.","N. v.","N. v.","N. v.","N. v.","N. v.","N. v.","N. v.","N. v.","N. v.","N. v.","N. v.","N. v.","N. v.","N. v.",,"N. v.","N. v.","N. v.",,"N. v.",,"N. v.",,"N. v.",,"N. v.","N. v.","N. v.","N. v.","N. v.",,"N. v.",,"N. v.",,"N. v.",,"N. v.","N. v.","N. v.","N. v.","N. v.","N. v.","N. v.","N. v.","N. v.","N. v.","N. v.","N. v.","N. v.",,,,,,,,,,,,,,,,,,,,,"N. v.","N. v.","N. v.","N. v.","N. v.","N. v.","N. v.","N. v.","N. v.","N. v.",,"N. v.","N. v.","N. v.","N. v.","N. v.","N. v.",,"N. v.","N. v.","N. v.","N. v.","N. v.","N. v.","N. v.","N. v.","N. v.","N. v.","N. v.",,"N. v.","N. v.","N. v.","N. v.","N. v.","N. v.",,"N. v.","N. v.","N. v.","N. v.","N. v.","N. v.","N. v.","N. v.","N. v.","N. v.","N. v.","N. v.","N. v.","N. v.","N. v.","N. v.","N. v.","N. v.","N. v.",,"N. v.","N. v.",,"N. v.","N. v.",,
"17","1980-01-01 00:00:00","8","de","539873412","RubM2L9aJpT9ua3","","Ja","Ja","Nein","","Nein",,"Alljährliche wissenschaftliche Fortbildungsreihe für Fachkräfte der PSNV-B und PSNV-E","Nein","Nein","Ja","Nein","N. v.","N. v.",,"Nein","Nein","Ja","Nein",,"Ruhr-Universität Bochum (Katholisch-Theologische Fakultät), Konferenz der Beauftragten für Notfallseelsorge NRW","N. v.","N. v.","Ja","Ja","Nein","Nein","Nein","N. v.","N. v.",,"Nein","Nein","Nein","Nein","Nein","Nein","Nein","Nein","Nein","Nein","Nein","Nein","Nein","Nein","Nein","Nein","Nein","Nein","Nein","Nein","Nein","Nein","Nein","Nein","Nein","Nein","Nein","Nein","Nein","Nein","Nein","Nein","Nein","Nein","Ja","Nein","Fort- und Weiterbildung von PSNV-Fachkräften","N. v.","N. v.","Ja","Ja","Nein","Nein","Nein","rolf.preiss-kirtz@bistum-essen.de","0201 / 2204-541","0160 96791310","kath.ruhr-uni-bochum.de/notfallseelsorge/index.html.de","0201 / 2204-541","0160 96791310","bistum-essen/feuerwehrseelsorge.de",,,,,,,"N. v.","N. v.","Universitätsstraße 150","44801 ","Bochum","Nein","Nein","N. v.","N. v.","Nein","Ja","Nein","Nein","Nein","Nordrhein-Westfalen",,"Nein","Ja","Nein",,"N. v.","N. v.","Ja","Nein","Nein","Ja","Nein","Nein","N. v.","N. v.","Nein","Ja","Ja","Nein","Ja","Ja","Ja","Nein","Nein","Nein","Nein",,"N. v.","N. v.","Nein","Nein","Nein","Ja","Nein","Teilnahmebeiträge / Eigenmittel der Veranstalter","N. v.","N. v.","Ja","Nein","Ja","Ja","Nein","Ja","Nein","Nein","Nein",,"N. v.","N. v.",,"N. v.","N. v.","N. v.","N. v.","N. v.","N. v.","N. v.","N. v.","N. v.","N. v.","N. v.","N. v.","N. v.","N. v.","N. v.","N. v.","N. v.","N. v.","N. v.","N. v.","N. v.","N. v.",,"N. v.","N. v.","N. v.",,"N. v.",,"N. v.",,"N. v.",,"N. v.","N. v.","N. v.","N. v.","N. v.",,"N. v.",,"N. v.",,"N. v.",,"N. v.","N. v.","N. v.","N. v.","N. v.","N. v.","N. v.","N. v.","N. v.","N. v.","N. v.","N. v.","N. v.",,,,,,,,,,,,,,,,,,,,,"N. v.","N. v.","N. v.","N. v.","N. v.","N. v.","N. v.","N. v.","N. v.","N. v.",,"N. v.","N. v.","N. v.","N. v.","N. v.","N. v.",,"N. v.","N. v.","N. v.","N. v.","N. v.","N. v.","N. v.","N. v.","N. v.","N. v.","N. v.",,"N. v.","N. v.","N. v.","N. v.","N. v.","N. v.",,"N. v.","N. v.","N. v.","N. v.","N. v.","N. v.","N. v.","N. v.","N. v.","N. v.","N. v.","N. v.","N. v.","N. v.","N. v.","N. v.","N. v.","N. v.","N. v.",,"N. v.","N. v.","","Ja","Nein",,""
"18","1980-01-01 00:00:00","8","de","333858815","bCAI1C62WSByi61","","Ja","Ja","Nein","","Nein",,"PSNV-E","Nein","Ja","Nein","Nein","N. v.","N. v.","Einsatznachsorgeteam des Landes Brandenburg","Ja","Nein","Nein","Nein","Ministerium des Inneren u. f. Kommunales Brandenburg, Zentraldienst der Polizei",,"N. v.","N. v.","Nein","Ja","Nein","Nein","Nein","N. v.","N. v.",,"Nein","Nein","Ja","Ja","Ja","Ja","Nein","Nein","Nein","Nein","Nein","Ja","Nein","Nein","Nein","Nein","Nein","Nein","Nein","Nein","Nein","Nein","Nein","Nein","Nein","Nein","Nein","Nein","Nein","Nein","Nein","Nein","Nein","Nein","Nein","Nein",,"N. v.","N. v.","Ja","Nein","Nein","Ja","Nein","info@ent-brandenburg.de","112","110","mik.brandenburg.de",,,,,,,,,"Über die 5 Integrierten Regionalleitstellen (FW/ RD) sowie das Einsatzlagezentrum der Polizei BB. Federführend ist die IRLST NW in Potsdam.","N. v.","N. v.","An der Pirschheide 11","14471 ","Potsdam","Nein","Nein","N. v.","N. v.","Nein","Nein","Nein","Ja","Nein",,"landesweit, bei GSL/ nach entsprechenden Amtshilfeersuchen länderübergreifend, z.B. in Berlin","Ja","Nein","Nein",,"N. v.","N. v.","Ja","Ja","Nein","Ja","Nein","Nein","N. v.","N. v.","Nein","Ja","Ja","Ja","Ja","Ja","Nein","Nein","Nein","Nein","Nein",,"N. v.","N. v.","Nein","Nein","Ja","Ja","Nein","über MIK","N. v.","N. v.","N. v.","N. v.","N. v.","N. v.","N. v.","N. v.","N. v.","N. v.","N. v.",,"N. v.","N. v.","30","Nein","N. v.","N. v.","Ja","Ja","Nein","N. v.","N. v.","Ja","Nein","Nein","N. v.","N. v.","Nein","Nein","Nein","Ja","Ja","Ja","Nein","Nein","Nein",,"N. v.","N. v.","Ja","","Nein","","Nein","","Ja","Ein Studium im seitens der Konsensus-Prozess vorgegebenen Portfolio ist bei den PSFK  i.d.R. vorhanden.","Nein","Nein","N. v.","N. v.","Ja","Gesprächsleiter","N. v.",,"N. v.",,"Nein","","Nein","N. v.","N. v.","Ja","Nein","Nein","N. v.","N. v.","Ja","Nein","Nein","N. v.","N. v.","Busunglück Schönefelder Kreuz","BAB 10","2010","Einsatznachbesprechungen","Islamistischer Terroranschlag","Berlin, Breitscheidplatz","2016","Einsatznachbesprechungen","Doppelmord Polizeibeamte","Beeskow-Oegeln","2017","Einsatznachbesprechungen, u.a.","tödl. verunglückte FW-Leute","BAB 2","2017","Einsatznachbesprechungen, u.a.","Großbrand mit Toten/ Vermissten","Eberswalde","2024","Einsatzbegleitung, -abschluss","Nein","N. v.","N. v.","Ja","Nein","Nein","Nein","Nein","N. v.","N. v.",,"Ja","Nein","Nein","Nein","Nein","Nein",,"N. v.","N. v.","N. v.","N. v.","N. v.","N. v.","N. v.","N. v.","N. v.","N. v.","N. v.",,"N. v.","N. v.","N. v.","N. v.","N. v.","N. v.",,"N. v.","N. v.","N. v.","N. v.","N. v.","N. v.","N. v.","N. v.","N. v.","N. v.","N. v.","N. v.","N. v.","N. v.","N. v.","N. v.","N. v.","N. v.","N. v.",,"N. v.","N. v.","","Ja","Nein",,""
"19","1980-01-01 00:00:00","8","de","45053150","j4bafUI08m5TbQw","","Ja","Ja","Nein","","Nein",,"Notfallseelsorge & Krisenintervention","Nein","Ja","Nein","Nein","N. v.","N. v.","Team der NFS & KI der LH Potsdam","Ja","Nein","Nein","Nein","Untere KatS-Behörde, d.h. die Feuerwehr Potsdam",,"N. v.","N. v.","Nein","Ja","Nein","Nein","Nein","N. v.","N. v.",,"Nein","Nein","Nein","Nein","Nein","Nein","Nein","Ja","Nein","Ja","Ja","Nein","Nein","Nein","Nein","Nein","Nein","Nein","Nein","Nein","Nein","Nein","Nein","Nein","Nein","Nein","Nein","Nein","Nein","Nein","Nein","Nein","Nein","Nein","Nein","Nein",,"N. v.","N. v.","Nein","Nein","Nein","Ja","Nein",,,,,,,,,,,,,"Leitstelle","N. v.","N. v.","Holzmarktstr. 6","14467","Potsdam","Nein","Nein","N. v.","N. v.","Nein","Nein","Nein","Ja","Nein",,"auf das Stadtgebiet der (kreisfreien) LH Potsdam; ca. 10% der Einsätze fahren wir aber auch für die benachbarten Landkreise.","Ja","Nein","Nein",,"N. v.","N. v.","Nein","Ja","Nein","N. v.","N. v.","N. v.","N. v.","N. v.","N. v.","N. v.","N. v.","N. v.","N. v.","N. v.","N. v.","N. v.","N. v.","N. v.","N. v.",,"N. v.","N. v.","N. v.","N. v.","N. v.","N. v.","N. v.",,"N. v.","N. v.","N. v.","N. v.","N. v.","N. v.","N. v.","N. v.","N. v.","N. v.","N. v.",,"N. v.","N. v.","12","Nein","N. v.","N. v.","Ja","Ja","Nein","N. v.","N. v.","Nein","Ja","Nein","N. v.","N. v.","Nein","Nein","Ja","Nein","Nein","Nein","Nein","Nein","Nein",,"N. v.","N. v.","Ja","entsprechende berufliche Expertise ist im Team mehrfach vorhanden","Nein","","Nein","","Nein","","Nein","Nein","N. v.","N. v.","Ja","Umgang mit Demenzbetroffenen","N. v.",,"N. v.",,"N. v.",,"Nein","N. v.","N. v.","Ja","Nein","Nein","N. v.","N. v.","Ja","Nein","Nein","N. v.","N. v.","Amoklauf Gutenberg-Gym.","Erfurt/ Th.","2002","Betreuung Betroffener u.a.","Tote Kinder bei Sturm","Berlin","2002","Betreuung Betroffener ","4fach Mord Oberlinklinik","Babelsberg","2021","Betreuung Betroffener ","Mord an beliebter Lehrerin","Beelitz/ PM","2023","Betreuung Betroffener; TN ","RE-Evakuierung n. Suizid","Brandenburg a.d.H.","2026","Betreuung Betroffener, TN","Nein","N. v.","N. v.","Ja","Nein","Nein","Nein","Nein","N. v.","N. v.",,"Ja","Nein","Nein","Nein","Nein","Nein",,"N. v.","N. v.","N. v.","N. v.","N. v.","N. v.","N. v.","N. v.","N. v.","N. v.","N. v.",,"N. v.","N. v.","N. v.","N. v.","N. v.","N. v.",,"N. v.","N. v.","N. v.","N. v.","N. v.","N. v.","N. v.","N. v.","N. v.","N. v.","N. v.","N. v.","N. v.","N. v.","N. v.","N. v.","N. v.","N. v.","N. v.",,"N. v.","N. v.","","Ja","Nein",,""
